TARGET_CLASS,configuration_id,criterion,ctg_min_time_per_job,ctg_schedule,search_budget,p_object_pool,ctg_time_per_class,Size,Length,Total_Time,Random_Seed,LineCoverage,LineCoverageBitString,BranchCoverage,BranchCoverageBitString,ExceptionCoverage,ExceptionCoverageBitString,Explicit_MethodExceptions,Explicit_TypeExceptions,Implicit_MethodExceptions,Implicit_TypeExceptions,WeakMutationScore,WeakMutationCoverageBitString,OutputCoverage,OutputCoverageBitString,MethodCoverage,MethodCoverageBitString,MethodNoExceptionCoverage,MethodNoExceptionCoverageBitString,CBranchCoverage,CBranchCoverageBitString
uk.ac.sanger.artemis.editor.HitInfo,default,LINE;BRANCH;EXCEPTION;WEAKMUTATION;OUTPUT;METHOD;METHODNOEXCEPTION;CBRANCH,1,BUDGET,90,0.3,2,87,220,112269,1537445789264,0.850828729281768,1111111111111111111111111111111111110111111111111111111111111111111100011111111011111111011111111111111111111111100000000111111111101000000000000111111111111111111111111111111111111,0.8854166666666666,111111111111111111111111111111111111111111001110111110111110001111100011111111111011111111111111,1.0,111111111,0,0,9,1,0.6941176470588235,111111111011111111101111111111100000000000000000111111111101111010011111111111111111101111111100100000000000000000000000000011111111111111111101111111111111111111111111111111111111111101111011111111110111111111110100000000000000000011101111111111011111111,0.8461538461538461,011011111111111111111010100101111111110111111111111111010110110111111111111111,1.0,11111111111111111111111111111111111111111111,1.0,11111111111111111111111111111111111111111111,0.8854166666666666,111111111111111111111111111111111111111111001110111101111110001111010011111111111011111111111111
