TARGET_CLASS,configuration_id,criterion,ctg_min_time_per_job,ctg_schedule,search_budget,p_object_pool,ctg_time_per_class,Size,Length,Total_Time,Random_Seed,LineCoverage,LineCoverageBitString,BranchCoverage,BranchCoverageBitString,ExceptionCoverage,ExceptionCoverageBitString,Explicit_MethodExceptions,Explicit_TypeExceptions,Implicit_MethodExceptions,Implicit_TypeExceptions,WeakMutationScore,WeakMutationCoverageBitString,OutputCoverage,OutputCoverageBitString,MethodCoverage,MethodCoverageBitString,MethodNoExceptionCoverage,MethodNoExceptionCoverageBitString,CBranchCoverage,CBranchCoverageBitString
uk.ac.sanger.artemis.plot.LineAttributes,default,LINE;BRANCH;EXCEPTION;WEAKMUTATION;OUTPUT;METHOD;METHODNOEXCEPTION;CBRANCH,1,BUDGET,90,0.3,2,36,604,136406,1537446356356,0.6936416184971098,11111111111110011111111111111111111111111111111111011111111111111111111111100000000001111111110110010001111111111111111111111001111111111110000000001100000000000000000000000,0.6153846153846154,01101111111111110100010000011111111111111111000001100001011000011,1.0,1111111111,1,1,8,5,0.59375,110000000100000000011111111111111111111111111111111111111111111111111111111111111111111111111111111111111101111111101110000000111101111111111111111111111111100111011111111111111111110000000000000111111100000000000000000000000000000000000000000000000000000000000001000000000000001111111111,0.4305555555555556,000111010010011011100011010101000101100101101000101100100100011000010100,1.0,1111111111111,0.9230769230769231,1011111111111,0.6153846153846154,10111111111110110010001000011111111111111111000001100001011000011
