TARGET_CLASS,configuration_id,criterion,ctg_min_time_per_job,ctg_schedule,search_budget,p_object_pool,ctg_time_per_class,Size,Length,Total_Time,Random_Seed,LineCoverage,LineCoverageBitString,BranchCoverage,BranchCoverageBitString,ExceptionCoverage,ExceptionCoverageBitString,Explicit_MethodExceptions,Explicit_TypeExceptions,Implicit_MethodExceptions,Implicit_TypeExceptions,WeakMutationScore,WeakMutationCoverageBitString,OutputCoverage,OutputCoverageBitString,MethodCoverage,MethodCoverageBitString,MethodNoExceptionCoverage,MethodNoExceptionCoverageBitString,CBranchCoverage,CBranchCoverageBitString
uk.ac.sanger.artemis.j2ssh.SshLogin,default,LINE;BRANCH;EXCEPTION;WEAKMUTATION;OUTPUT;METHOD;METHODNOEXCEPTION;CBRANCH,1,BUDGET,62,0.3,2,13,30,77705,1523361066157,0.6703296703296703,1111111111111111111111111111111111000001111111000000000000000000000111111111000111101111111,0.5576923076923077,1111111110001001010000000000111111111111000101010101,1.0,11,0,0,2,1,0.7375886524822695,110111111111111100001000000000000000000111111111111011111111011011111101111111111111111111111111111111111111111111111000000001111111110011111,0.30158730158730157,110011010101000110101010011010010100000000000000000000000000110,1.0,111111111,0.7777777777777778,111111001,0.5576923076923077,1111111100010101100000000000111111111111001001001110
