TARGET_CLASS,configuration_id,criterion,ctg_min_time_per_job,ctg_schedule,search_budget,p_object_pool,ctg_time_per_class,Size,Length,Total_Time,Random_Seed,LineCoverage,LineCoverageBitString,BranchCoverage,BranchCoverageBitString,ExceptionCoverage,ExceptionCoverageBitString,Explicit_MethodExceptions,Explicit_TypeExceptions,Implicit_MethodExceptions,Implicit_TypeExceptions,WeakMutationScore,WeakMutationCoverageBitString,OutputCoverage,OutputCoverageBitString,MethodCoverage,MethodCoverageBitString,MethodNoExceptionCoverage,MethodNoExceptionCoverageBitString,CBranchCoverage,CBranchCoverageBitString
uk.ac.sanger.artemis.chado.FeatureLocLazyQualifierValue,default,LINE;BRANCH;EXCEPTION;WEAKMUTATION;OUTPUT;METHOD;METHODNOEXCEPTION;CBRANCH,1,BUDGET,90,0.3,2,12,43,120339,1537444844441,0.1891891891891892,11111111111111100000000001110000000000000000000000000000001111100000000000000000000000000000000000000000000000000000000000000000000000000000000000000000010000000000000000000111111111110,0.11607142857142858,1111111111010000000000000000000011000000000000000000000000000000000000000000000000000000000000000000000000000000,1.0,1111,0,0,4,3,0.3055555555555556,111111111100000000001111000000000000000000000000000011111111000000000000,0.5555555555555556,011100101010101110,1.0,111111111,0.7777777777777778,101111110,0.11607142857142858,1111111111100000000000000000000011000000000000000000000000000000000000000000000000000000000000000000000000000000
