TARGET_CLASS,configuration_id,criterion,ctg_min_time_per_job,ctg_schedule,search_budget,p_object_pool,ctg_time_per_class,Size,Length,Total_Time,Random_Seed,LineCoverage,LineCoverageBitString,BranchCoverage,BranchCoverageBitString,ExceptionCoverage,ExceptionCoverageBitString,Explicit_MethodExceptions,Explicit_TypeExceptions,Implicit_MethodExceptions,Implicit_TypeExceptions,WeakMutationScore,WeakMutationCoverageBitString,OutputCoverage,OutputCoverageBitString,MethodCoverage,MethodCoverageBitString,MethodNoExceptionCoverage,MethodNoExceptionCoverageBitString,CBranchCoverage,CBranchCoverageBitString
uk.ac.sanger.artemis.editor.Annotation,default,LINE;BRANCH;EXCEPTION;WEAKMUTATION;OUTPUT;METHOD;METHODNOEXCEPTION;CBRANCH,1,BUDGET,100,0.3,2,39,635,159699,1523358966502,0.6712328767123288,1111100000000001111111111111111111110001111010111011111111111111111111111111110111101111101110011111111110111100111000000000000111000000011111110111110000000000000000000001111110111111110011110011111111001111111111111111001111111101111111111111111110110110100000000011111111110000000110011111,0.568,00111111111111110000011101101011000100010000000111111111110111111100000110110100010111110100010010111100001110000001011111110,1.0,111111111111,0,0,10,5,0.6159874608150471,11111111110111111111111111111111111111111000000000000000000001111111111111111111111111111110100000000000000000000000000000000000000000000000000000011111110111110111111110010000111111111111100111111111111110100000000000001111111111010000000000000111111111101000000000000011111100000011111111110110111111111111111111110111110111111111111111101110011111101111111111111111111101101111111111111111111010000000000000011111111111111111110011110111111010011111111110110111111111111111111101011111111111111100000000111010111111111111111010111111101011000111110000000000000001111111110100000000000000000000011011111111110011110000000000000000000111,0.6666666666666666,110,1.0,1111111111111111,0.875,0111111111110111,0.56,10010111111111100100011101101100001000110000000111111111011111111100000111010100001111101001001101011001010110000001011111011
