TARGET_CLASS,configuration_id,criterion,ctg_min_time_per_job,ctg_schedule,search_budget,p_object_pool,ctg_time_per_class,Size,Length,Total_Time,Random_Seed,LineCoverage,LineCoverageBitString,BranchCoverage,BranchCoverageBitString,ExceptionCoverage,ExceptionCoverageBitString,Explicit_MethodExceptions,Explicit_TypeExceptions,Implicit_MethodExceptions,Implicit_TypeExceptions,WeakMutationScore,WeakMutationCoverageBitString,OutputCoverage,OutputCoverageBitString,MethodCoverage,MethodCoverageBitString,MethodNoExceptionCoverage,MethodNoExceptionCoverageBitString,CBranchCoverage,CBranchCoverageBitString
uk.ac.sanger.artemis.components.variant.AbstractVCFReader,default,LINE;BRANCH;EXCEPTION;WEAKMUTATION;OUTPUT;METHOD;METHODNOEXCEPTION;CBRANCH,1,BUDGET,78,0.3,2,16,35,94681,1523359900597,0.16666666666666666,111110000111111111100000000000001000000000000000000000000000000000000000000000000000111111111000000000000000000000000000000000000000000000000000000000,0.10465116279069768,01100011000000000000000000000000000000000000000000000000000000001101110000000000000000,1.0,1111111,0,0,5,2,0.21014492753623187,000000000000000000000000000000000000000000111111111111111000000000000000000000000000000000000000000000000000000000000000000000000000000000000000000000000000000000000000000000000000000000000000000000000000111111111111111111111111111010111111111101111100000000000000000000000000,0.16326530612244897,0000000000000000000001001000000000000000111001011,0.25,0000100000111000,0.25,0000100000111000,0.09302325581395349,10000100000100000000000000000000000000000000000000000000000000001110110000000000000000
