TARGET_CLASS,configuration_id,criterion,ctg_min_time_per_job,ctg_schedule,search_budget,p_object_pool,ctg_time_per_class,Size,Length,Total_Time,Random_Seed,LineCoverage,LineCoverageBitString,BranchCoverage,BranchCoverageBitString,ExceptionCoverage,ExceptionCoverageBitString,Explicit_MethodExceptions,Explicit_TypeExceptions,Implicit_MethodExceptions,Implicit_TypeExceptions,WeakMutationScore,WeakMutationCoverageBitString,OutputCoverage,OutputCoverageBitString,MethodCoverage,MethodCoverageBitString,MethodNoExceptionCoverage,MethodNoExceptionCoverageBitString,CBranchCoverage,CBranchCoverageBitString
uk.ac.sanger.artemis.components.genebuilder.GeneEdit,default,LINE;BRANCH;EXCEPTION;WEAKMUTATION;OUTPUT;METHOD;METHODNOEXCEPTION;CBRANCH,1,BUDGET,90,0.3,2,10,15,109682,1537447271099,0.16216216216216217,11111000000000000111111101000000000000000000000000111111111110000000000000000000111110000000000000000000000000000000000000000001000000000000000000000000000000000000000000000000000000000,0.07142857142857142,101000000000100000000000000000000000000000,1.0,111111111,1,1,8,4,0.05454545454545454,00000000000000000000000000000000000000000000000000000000000000000000000000111111000000000000000000000000000000,0.0,0000000000000000,0.5714285714285714,1101100,0.0,0000000,0.07142857142857142,001010000000100000000000000000000000000000
