TARGET_CLASS,configuration_id,criterion,ctg_min_time_per_job,ctg_schedule,search_budget,p_object_pool,ctg_time_per_class,Size,Length,Total_Time,Random_Seed,LineCoverage,LineCoverageBitString,BranchCoverage,BranchCoverageBitString,ExceptionCoverage,ExceptionCoverageBitString,Explicit_MethodExceptions,Explicit_TypeExceptions,Implicit_MethodExceptions,Implicit_TypeExceptions,WeakMutationScore,WeakMutationCoverageBitString,OutputCoverage,OutputCoverageBitString,MethodCoverage,MethodCoverageBitString,MethodNoExceptionCoverage,MethodNoExceptionCoverageBitString,CBranchCoverage,CBranchCoverageBitString
uk.ac.sanger.artemis.j2ssh.SshFileManager,default,LINE;BRANCH;EXCEPTION;WEAKMUTATION;OUTPUT;METHOD;METHODNOEXCEPTION;CBRANCH,1,BUDGET,90,0.3,2,15,107,108988,1537447150073,0.4658385093167702,11101111111000011111111100001011111100111111000011111000000000000000000000000000000000001111000000001111100111000001111000100000000111100000111111111111111100001,0.5111111111111111,111111111011111010000000000000000111000011111,0.8181818181818182,11110110111,0,0,8,2,0.4457831325301205,01011110010000010101000110110000000000000000000000111111111111111001000000111111101,0.3333333333333333,010100111000100111101000010101000000000000001,1.0,11111111111111111,0.8823529411764706,01111111011111111,0.5111111111111111,111111111111011100000000000000000111000111011
