TARGET_CLASS,configuration_id,criterion,ctg_min_time_per_job,ctg_schedule,search_budget,p_object_pool,ctg_time_per_class,Size,Length,Total_Time,Random_Seed,LineCoverage,LineCoverageBitString,BranchCoverage,BranchCoverageBitString,ExceptionCoverage,ExceptionCoverageBitString,Explicit_MethodExceptions,Explicit_TypeExceptions,Implicit_MethodExceptions,Implicit_TypeExceptions,WeakMutationScore,WeakMutationCoverageBitString,OutputCoverage,OutputCoverageBitString,MethodCoverage,MethodCoverageBitString,MethodNoExceptionCoverage,MethodNoExceptionCoverageBitString,CBranchCoverage,CBranchCoverageBitString
uk.ac.sanger.artemis.io.PublicDBStreamFeature,default,LINE;BRANCH;EXCEPTION;WEAKMUTATION;OUTPUT;METHOD;METHODNOEXCEPTION;CBRANCH,1,BUDGET,88,0.3,2,10,39,128800,1523359577189,0.24669603524229075,11111000001111110000010000000000000000000000000001111101011011100000000000000000111111111110000000000000000000000000000000000000000000000000000000000000001111111111110000000000000000111110000000000000000000000000000000000011111,0.19791666666666666,111011111110010100000000000000000000000000000000000100000011111000000100000000000000000000000000,1.0,11111,0,0,2,1,0.19544846050870146,111111111111111111111111111111111111111111111111111011111111010111111111111111111111111011111110000000000000000000000000000000000000000000000000000000000000000000000000000000000000000000000000000000000000000000000000000000000000000000111110000000000000000000000000000000000000000000000000000000000000000000000000000111111111011111111111111111111111111111111111000000000000000000000000000000000000000000000000000000000000000000000000000000000000000000000000000111111000000000000000000000000000000000000000000000000000000000000000000000000000000000000000000000000000000000000000000000000000000000000000000000000000000000000000000000000000000000000000000000000000000000000000000000000000000000000000000000000000000000000000000000000000000000000000000,0.36363636363636365,01010010010,1.0,111,1.0,111,0.17708333333333334,000111111101100100000000000000000000000000000000001000000011110100001000000000000000000000000000
