TARGET_CLASS,configuration_id,criterion,ctg_min_time_per_job,ctg_schedule,search_budget,p_object_pool,ctg_time_per_class,Size,Length,Total_Time,Random_Seed,LineCoverage,LineCoverageBitString,BranchCoverage,BranchCoverageBitString,ExceptionCoverage,ExceptionCoverageBitString,Explicit_MethodExceptions,Explicit_TypeExceptions,Implicit_MethodExceptions,Implicit_TypeExceptions,WeakMutationScore,WeakMutationCoverageBitString,OutputCoverage,OutputCoverageBitString,MethodCoverage,MethodCoverageBitString,MethodNoExceptionCoverage,MethodNoExceptionCoverageBitString,CBranchCoverage,CBranchCoverageBitString
uk.ac.sanger.artemis.editor.DataViewInternalFrame,default,LINE;BRANCH;EXCEPTION;WEAKMUTATION;OUTPUT;METHOD;METHODNOEXCEPTION;CBRANCH,1,BUDGET,90,0.3,2,16,79,115512,1537446137309,0.3568075117370892,111111111111111110000000000000000000000000000000000000000000000000000000000000000000011111111111111111100111000001111011101111111110111110000000000000000000000000000000000000010101000000000000000011111111111111000,0.3333333333333333,110111111110000000000000000000001111101000000000000000010011011,1.0,1111,0,0,4,3,0.233387358184765,10000000000000000000000000000000000000000000000000000000000000000000000000000000000000000000000000000000000000000000000000000000000000000000000000000000000000000000000000000000000000000000000000000000000000000000000000000000000000000000000000000000000000000000000000000000000000000000000000000000000001111111111111111101101111111111111111110111111111111101111111111111101111111111111101110000000000000000000000000000000000000000000000000000000000000000000000000000000000000000000000111111111111111111111111101110111111111111111110010000000000000000000000000000000000000000000000000000000000000000001111111111111000111,0.5,01101010100110,1.0,11111111111111,0.8571428571428571,11110111111110,0.3333333333333333,111111011110000000000000000000001111101000000000000000001011011
