TARGET_CLASS,configuration_id,criterion,ctg_min_time_per_job,ctg_schedule,search_budget,p_object_pool,ctg_time_per_class,Size,Length,Total_Time,Random_Seed,LineCoverage,LineCoverageBitString,BranchCoverage,BranchCoverageBitString,ExceptionCoverage,ExceptionCoverageBitString,Explicit_MethodExceptions,Explicit_TypeExceptions,Implicit_MethodExceptions,Implicit_TypeExceptions,WeakMutationScore,WeakMutationCoverageBitString,OutputCoverage,OutputCoverageBitString,MethodCoverage,MethodCoverageBitString,MethodNoExceptionCoverage,MethodNoExceptionCoverageBitString,CBranchCoverage,CBranchCoverageBitString
uk.ac.sanger.artemis.Entry,default,LINE;BRANCH;EXCEPTION;WEAKMUTATION;OUTPUT;METHOD;METHODNOEXCEPTION;CBRANCH,1,BUDGET,100,0.3,2,71,306,143667,1523358968123,0.6706586826347305,1111101000011111111111111111111111111111100011111111111100001111111111101111111110000001111111011110001111111110000001111000000001111011111000000111111111110000001001111111110001111100111111111111111111110011111111111111001010000000101111110111001100110101100101111100010110011111110111111111101110010011110100000000000000000111111111,0.5804195804195804,11111111111111111011111111111111000100110010110001111110101110101000111110101011010110000010001000011010011100000001101010011101101110100000001,1.0,11111111111111111111111111111,6,1,20,4,0.6230769230769231,11101111111011101011111011000001111111111111111110111111110111111111111111011111100100011110010001000000001011111111111111111111111011110001111110100001011111100111111101111100000000111111111111110100000000000000000000000000000011111111111000000000000001111111,0.43243243243243246,10101010101010100000000110100001100100000001100011010111110101101000111100,0.98,11111111111111111011111111111111111111111111111111,0.74,01111111111111001011111011111111110011100000111110,0.5804195804195804,11111111111111111110111111111110100100101011001001111111010111010001011111001011010110000010010000011010011010000001101100011101101110100000001
