TARGET_CLASS,configuration_id,criterion,ctg_min_time_per_job,ctg_schedule,search_budget,p_object_pool,ctg_time_per_class,Size,Length,Total_Time,Random_Seed,LineCoverage,LineCoverageBitString,BranchCoverage,BranchCoverageBitString,ExceptionCoverage,ExceptionCoverageBitString,Explicit_MethodExceptions,Explicit_TypeExceptions,Implicit_MethodExceptions,Implicit_TypeExceptions,WeakMutationScore,WeakMutationCoverageBitString,OutputCoverage,OutputCoverageBitString,MethodCoverage,MethodCoverageBitString,MethodNoExceptionCoverage,MethodNoExceptionCoverageBitString,CBranchCoverage,CBranchCoverageBitString
uk.ac.sanger.artemis.plot.CumulativeATSkewAlgorithm,default,LINE;BRANCH;EXCEPTION;WEAKMUTATION;OUTPUT;METHOD;METHODNOEXCEPTION;CBRANCH,1,BUDGET,42,0.3,2,29,489,68938,1523362556065,0.9375,111111111111011101111110111111111111111111111111,0.875,111111111111111010101111,1.0,11111111,1,1,5,3,0.9538461538461539,111111111111111111111111111111111111111111111111111111111111111111111111111110111111111111111111111111111111111111111111111111111111110111111111111111111101011111101011111111111110111111111101011,0.34459459459459457,0010010010011010001001010001001001001001000100100100100100100110010010010010010101001001001001001000100100100101010010010010010010010010101001000010,1.0,1111111111,1.0,1111111111,0.875,111111111111111010101111
