TARGET_CLASS,configuration_id,criterion,ctg_min_time_per_job,ctg_schedule,search_budget,p_object_pool,ctg_time_per_class,Size,Length,Total_Time,Random_Seed,LineCoverage,LineCoverageBitString,BranchCoverage,BranchCoverageBitString,ExceptionCoverage,ExceptionCoverageBitString,Explicit_MethodExceptions,Explicit_TypeExceptions,Implicit_MethodExceptions,Implicit_TypeExceptions,WeakMutationScore,WeakMutationCoverageBitString,OutputCoverage,OutputCoverageBitString,MethodCoverage,MethodCoverageBitString,MethodNoExceptionCoverage,MethodNoExceptionCoverageBitString,CBranchCoverage,CBranchCoverageBitString
uk.ac.sanger.artemis.plot.CSCSAlgorithm,default,LINE;BRANCH;EXCEPTION;WEAKMUTATION;OUTPUT;METHOD;METHODNOEXCEPTION;CBRANCH,1,BUDGET,63,0.3,2,19,327,103120,1523360815019,0.9371428571428572,1111111011101111111011111111111111111111111111111111111111101111111111101111111111111111111111111111111111111111111111111111111111111111111111111111111111111111111100000011111,0.7413793103448276,1111111111111111111101101111100000111111111000001010101111,1.0,1111,1,1,2,1,0.9940828402366864,1111111111111111111111111111111111111111111111111111111111111111111111111111111111111111111111111111111111111111111111111111111111111111111111111111111101111111111111111,0.2905405405405405,0000000000000000000000110001001001001001000100100100100100100010010010010010010110001001001001001001000100100101010010010000100100100110100010010010,1.0,11111111111,1.0,11111111111,0.7413793103448276,1111111111111111111110011111000100111111110100001001011111
