TARGET_CLASS,configuration_id,criterion,ctg_min_time_per_job,ctg_schedule,search_budget,p_object_pool,ctg_time_per_class,Size,Length,Total_Time,Random_Seed,LineCoverage,LineCoverageBitString,BranchCoverage,BranchCoverageBitString,ExceptionCoverage,ExceptionCoverageBitString,Explicit_MethodExceptions,Explicit_TypeExceptions,Implicit_MethodExceptions,Implicit_TypeExceptions,WeakMutationScore,WeakMutationCoverageBitString,OutputCoverage,OutputCoverageBitString,MethodCoverage,MethodCoverageBitString,MethodNoExceptionCoverage,MethodNoExceptionCoverageBitString,CBranchCoverage,CBranchCoverageBitString
uk.ac.sanger.artemis.plot.MRIAlgorithm,default,LINE;BRANCH;EXCEPTION;WEAKMUTATION;OUTPUT;METHOD;METHODNOEXCEPTION;CBRANCH,1,BUDGET,70,0.3,2,26,307,103152,1523360349579,0.9405204460966543,11111111011101111111011111111111111111111111111111111111111111111111111111101111111111111111111111111111111111111111111111111111111111111111111111111111111111111111111111111111111111111111111111111111111111111111111111111111111111111111111111111111111000000100000011111,0.78125,1111111111111111111111111111111110111111111000001000001010101111,1.0,1111,1,1,2,1,0.9943181818181818,11111111111111111111111111111111111111111111111111111111111111111111111111111111111111111111111111111111111111111111111111111111111111111111111111111111111110111111111111111111,0.33783783783783783,0010010010011010001001010001001001001001000100100100100100100010010010010010010110001001001001001001000100100101010010010000100100100110100010010010,1.0,11111111111,1.0,11111111111,0.78125,1111111111111111111111111111111110111111111000000100001010011111
