TARGET_CLASS,configuration_id,criterion,ctg_min_time_per_job,ctg_schedule,search_budget,p_object_pool,ctg_time_per_class,Size,Length,Total_Time,Random_Seed,LineCoverage,LineCoverageBitString,BranchCoverage,BranchCoverageBitString,ExceptionCoverage,ExceptionCoverageBitString,Explicit_MethodExceptions,Explicit_TypeExceptions,Implicit_MethodExceptions,Implicit_TypeExceptions,WeakMutationScore,WeakMutationCoverageBitString,OutputCoverage,OutputCoverageBitString,MethodCoverage,MethodCoverageBitString,MethodNoExceptionCoverage,MethodNoExceptionCoverageBitString,CBranchCoverage,CBranchCoverageBitString
uk.ac.sanger.artemis.util.DatabaseLocationParser,default,LINE;BRANCH;EXCEPTION;WEAKMUTATION;OUTPUT;METHOD;METHODNOEXCEPTION;CBRANCH,1,BUDGET,114,0.3,4,36,83,143326,1528312983145,0.9901960784313726,111111111111111111111111111111101111111111111111111111111111111111111111111111111111111111111111111111,0.9387755102040817,1111111111111111111111111111001111111011111111111,1.0,1111111111,0,0,10,3,0.936046511627907,1111110111111111011111111111111111111111111111111111111111110111111111111111111110111111111111111111111100111111111111111111111001011111011111111111111110111111111111111111,0.8461538461538461,01101111011111111111111011,1.0,1111111111111111111,1.0,1111111111111111111,0.9387755102040817,1111111111111111111111111111001111111101111111111
