TARGET_CLASS,configuration_id,criterion,ctg_min_time_per_job,ctg_schedule,search_budget,p_object_pool,ctg_time_per_class,Size,Length,Total_Time,Random_Seed,LineCoverage,LineCoverageBitString,BranchCoverage,BranchCoverageBitString,ExceptionCoverage,ExceptionCoverageBitString,Explicit_MethodExceptions,Explicit_TypeExceptions,Implicit_MethodExceptions,Implicit_TypeExceptions,WeakMutationScore,WeakMutationCoverageBitString,OutputCoverage,OutputCoverageBitString,MethodCoverage,MethodCoverageBitString,MethodNoExceptionCoverage,MethodNoExceptionCoverageBitString,CBranchCoverage,CBranchCoverageBitString
uk.ac.sanger.artemis.plot.CoilFeatureAlgorithm,default,LINE;BRANCH;EXCEPTION;WEAKMUTATION;OUTPUT;METHOD;METHODNOEXCEPTION;CBRANCH,1,BUDGET,38,0.3,2,13,42,51279,1523363476189,0.5918367346938775,1100000001111111111111111111111111110000000000000,0.6086956521739131,01111111011101110100000,0.6,00111,1,1,2,2,0.48314606741573035,11111111111111111111111111111011110111111111111111111111111110111111111111111111111111010111111111111111111111111111111111110111111111111111111111111101000000000000000000000000000000000000000000000000000000000000000000000000000000000000000000000000000000000000000000000000000000000000000000000000000000000000000000000000000000000111111111111111111111111111,0.28378378378378377,0000000000000000000000101001001001001001000100100100100100100010010010010010010001001001001001001000100100100101010010010000110010000110100010010010,1.0,1111111111,0.9,1111111110,0.6086956521739131,11111111001011110010000
