TARGET_CLASS,configuration_id,criterion,ctg_min_time_per_job,ctg_schedule,search_budget,p_object_pool,ctg_time_per_class,Size,Length,Total_Time,Random_Seed,LineCoverage,LineCoverageBitString,BranchCoverage,BranchCoverageBitString,ExceptionCoverage,ExceptionCoverageBitString,Explicit_MethodExceptions,Explicit_TypeExceptions,Implicit_MethodExceptions,Implicit_TypeExceptions,WeakMutationScore,WeakMutationCoverageBitString,OutputCoverage,OutputCoverageBitString,MethodCoverage,MethodCoverageBitString,MethodNoExceptionCoverage,MethodNoExceptionCoverageBitString,CBranchCoverage,CBranchCoverageBitString
uk.ac.sanger.artemis.io.PublicDBDocumentEntry,default,LINE;BRANCH;EXCEPTION;WEAKMUTATION;OUTPUT;METHOD;METHODNOEXCEPTION;CBRANCH,1,BUDGET,90,0.3,2,30,141,163901,1537443351699,0.39050131926121373,1111110000000000001111111111110000000000000000000000000000000000000000011100001000010000000000000000000000000000000000000000111111111111111000011111111111110111111111111111111111111111111000000000000000000000000001111111111111101111011000000000000000000111111110001110000111100110110000000000000000000000000000000100000000111111011110101011011111110000011111100000000000000000000,0.3442622950819672,1111111111111111111101100011101011100000000000000000001000001101101101101010011011000110000000000000000000000000000000000000000000000000000000000000000000000000000000000000111111101110000000001111111101011011110111011111011110100000000000000000,1.0,111111111111111,0,0,12,5,0.22061855670103092,11111111111111111100111101010100000000000000000000000000000000000000000000000000000000000000000000000000000000000000000000000000000000000000000000000000000000000000000000000000000000000000000000000000000000000000000000000000000000000000000000001111101111111101111111111010000000000000000000000000000000000000000000111110111111111011111111110111111111111111111111001111111111100110000000000000000000000000000000000000000000000000000000000000000000000000000000000000000000000000000000000,0.5714285714285714,0101001101101101101101100110,1.0,1111111,1.0,1111111,0.3401639344262295,1111111111111111110110100011100111100000000000000000000100001101101101011001100111000101000000000000000000000000000000000000000000000000000000000000000000000000000000000000111111011101000000001111111101010111111011111011011101010000000000000000
