TARGET_CLASS,configuration_id,criterion,ctg_min_time_per_job,ctg_schedule,search_budget,p_object_pool,ctg_time_per_class,Size,Length,Total_Time,Random_Seed,LineCoverage,LineCoverageBitString,BranchCoverage,BranchCoverageBitString,ExceptionCoverage,ExceptionCoverageBitString,Explicit_MethodExceptions,Explicit_TypeExceptions,Implicit_MethodExceptions,Implicit_TypeExceptions,WeakMutationScore,WeakMutationCoverageBitString,OutputCoverage,OutputCoverageBitString,MethodCoverage,MethodCoverageBitString,MethodNoExceptionCoverage,MethodNoExceptionCoverageBitString,CBranchCoverage,CBranchCoverageBitString
uk.ac.sanger.artemis.plot.ATDeviationAlgorithm,default,LINE;BRANCH;EXCEPTION;WEAKMUTATION;OUTPUT;METHOD;METHODNOEXCEPTION;CBRANCH,1,BUDGET,46,0.3,2,24,338,64752,1523362834382,0.8409090909090909,11111111111101110111111011111111111101010011,0.7272727272727273,1111111010101010101111,1.0,111111,1,1,3,1,0.7305699481865285,1111111111111111111110111111111111111001000000000111111110010000000000101100111001000000000000000000000111111111111111111111111111110111111111111111111111111111111111111111111110111111111111111,0.3716216216216216,0011111110011010001001010001001001001001000100100100100100100110010010010010010101001001001001001000100100100101010010010010010010010010101001000010,1.0,1111111111,1.0,1111111111,0.7272727272727273,1111110110011010101111
