TARGET_CLASS,configuration_id,criterion,ctg_min_time_per_job,ctg_schedule,search_budget,p_object_pool,ctg_time_per_class,Size,Length,Total_Time,Random_Seed,LineCoverage,LineCoverageBitString,BranchCoverage,BranchCoverageBitString,ExceptionCoverage,ExceptionCoverageBitString,Explicit_MethodExceptions,Explicit_TypeExceptions,Implicit_MethodExceptions,Implicit_TypeExceptions,WeakMutationScore,WeakMutationCoverageBitString,OutputCoverage,OutputCoverageBitString,MethodCoverage,MethodCoverageBitString,MethodNoExceptionCoverage,MethodNoExceptionCoverageBitString,CBranchCoverage,CBranchCoverageBitString
uk.ac.sanger.artemis.ActionController,default,LINE;BRANCH;EXCEPTION;WEAKMUTATION;OUTPUT;METHOD;METHODNOEXCEPTION;CBRANCH,1,BUDGET,77,0.3,2,54,1108,111911,1523360103434,0.8592592592592593,111111111111111111111111111111110000011111111111110000000111111101111111111110011100101111111111111111111111111111111111111011111111111,0.9436619718309859,11110111011111111111111111111111110111111011111111111111111111111111111,1.0,1111111111,5,1,5,1,0.8888888888888888,010110101111011111111111111101111110111111110111111011111011111111111111111111111111111111111111101111100111111111111111111111111001111,1.0,111111,1.0,111111111111,1.0,111111111111,0.9436619718309859,11110111011111111111111111111111110111111011111111111111111111111111111
