TARGET_CLASS,configuration_id,criterion,ctg_min_time_per_job,ctg_schedule,search_budget,p_object_pool,ctg_time_per_class,Size,Length,Total_Time,Random_Seed,LineCoverage,LineCoverageBitString,BranchCoverage,BranchCoverageBitString,ExceptionCoverage,ExceptionCoverageBitString,Explicit_MethodExceptions,Explicit_TypeExceptions,Implicit_MethodExceptions,Implicit_TypeExceptions,WeakMutationScore,WeakMutationCoverageBitString,OutputCoverage,OutputCoverageBitString,MethodCoverage,MethodCoverageBitString,MethodNoExceptionCoverage,MethodNoExceptionCoverageBitString,CBranchCoverage,CBranchCoverageBitString
uk.ac.sanger.artemis.io.SimpleDocumentEntry,default,LINE;BRANCH;EXCEPTION;WEAKMUTATION;OUTPUT;METHOD;METHODNOEXCEPTION;CBRANCH,1,BUDGET,90,0.3,2,41,151,150025,1537443388701,0.48705882352941177,11111111111111111111111001110000000000000000000010110111111111111111111100000000000000001111000000000000000000000000000000000000000000111111101101100001110000000001111110011000000000000000000000000000000000111110111100000111110001110111111111111000111011011111000001110000111111110111110111011111110111100101111010001111101110110111101000000000000000001111111111110011111111111110100010001001111110000011110011100000000010010,0.3305785123966942,11011111111111010000000010000000000000000011100001000000000000001010111000101110100100100011100001000000000110100100001111101001001011000010000101011101000001011101000000000000000000000000000000000000001000111110001101110000110101100001010001,1.0,11111111111,0,0,5,1,0.3950617283950617,111110000000000000000000000000000000011110111111000111101011111111100000000010111101111110110000000000011101000100001111011111110010000000110000000101000111111110011111111001000000000000000000000000000000000000000000000010111011001000000101111111101111111100000000000000001111111101111001000111100100010000000000001111001000,0.35294117647058826,00010000000000010010010011000010010100100100010100101111001100100111,0.9655172413793104,11111111111111111111111111101,0.8275862068965517,01011011111111111110111111101,0.2768595041322314,11010111111100000000000000000000000000000000000000000000000000000000111000101101010100010011010001000000000101010100001111100101000111000000011010011000000001011110000000000000000000000000000000000000000001111110001110110000110100110001100010
