TARGET_CLASS,configuration_id,criterion,ctg_min_time_per_job,ctg_schedule,search_budget,p_object_pool,ctg_time_per_class,Size,Length,Total_Time,Random_Seed,LineCoverage,LineCoverageBitString,BranchCoverage,BranchCoverageBitString,ExceptionCoverage,ExceptionCoverageBitString,Explicit_MethodExceptions,Explicit_TypeExceptions,Implicit_MethodExceptions,Implicit_TypeExceptions,WeakMutationScore,WeakMutationCoverageBitString,OutputCoverage,OutputCoverageBitString,MethodCoverage,MethodCoverageBitString,MethodNoExceptionCoverage,MethodNoExceptionCoverageBitString,CBranchCoverage,CBranchCoverageBitString
uk.ac.sanger.artemis.plot.Codon12CorrelationAlgorithm,default,LINE;BRANCH;EXCEPTION;WEAKMUTATION;OUTPUT;METHOD;METHODNOEXCEPTION;CBRANCH,1,BUDGET,90,0.3,2,20,99,111501,1537447383727,0.9642857142857143,111111011101111110111111111111111111111111111111111111111111111111111111111111111111,0.9090909090909091,111111111111111111111111010101111,0.6666666666666666,100011111,1,1,5,4,1.0,11111111111111111111111111111111111111111111111111111111111111111111111111111111111111111111111111111111111111111111111111111111111111111111111111111111111111111111111111111111,0.34459459459459457,0100100100101010010010001001001001001001000100100100100100100110010010010010010110001001001001001000100100100101010010010000100100100110100010010010,1.0,1111111111,1.0,1111111111,0.9090909090909091,111111111111111111111110101101111
