TARGET_CLASS,configuration_id,criterion,ctg_min_time_per_job,ctg_schedule,search_budget,p_object_pool,ctg_time_per_class,Size,Length,Total_Time,Random_Seed,LineCoverage,LineCoverageBitString,BranchCoverage,BranchCoverageBitString,ExceptionCoverage,ExceptionCoverageBitString,Explicit_MethodExceptions,Explicit_TypeExceptions,Implicit_MethodExceptions,Implicit_TypeExceptions,WeakMutationScore,WeakMutationCoverageBitString,OutputCoverage,OutputCoverageBitString,MethodCoverage,MethodCoverageBitString,MethodNoExceptionCoverage,MethodNoExceptionCoverageBitString,CBranchCoverage,CBranchCoverageBitString
uk.ac.sanger.artemis.components.genebuilder.ortholog.SimilarityTable,default,LINE;BRANCH;EXCEPTION;WEAKMUTATION;OUTPUT;METHOD;METHODNOEXCEPTION;CBRANCH,1,BUDGET,90,0.3,2,9,37,114525,1537445611290,0.4899135446685879,11111111111111111111111111111111111111111111111111111111111111111111111101000000001111111111001111011100001001001000100100100100100100010000000001111111111000000000000000000000000000000000000000000000000001111111111111111111111111111111111111111111111111111111111110000000000000000000000000000000000000000000000000000000000000000000000000000000000,0.26666666666666666,111111000000110000000011111110111010000010101010101010101010000000000000001110000000000000000000000000000000000000000000,1.0,111111,0,0,6,2,0.3975741239892183,1110111000000000000000010101111110111111011111101111110111111111111011010000000000000000000000000000000000111111111111111111111111011111111111111111111111111111101111111111111111111111111111111111111111111111111110100000000000111101111111111111111111110100000000000000000000111111111111111111111111111111111111111111100000000000000000000000000001111111111111111111011111111111111111111111111110011111100000000000000000000000000000000000000000000000000000000000000000000000000000000000000000000011111111111111111111000000000000000000000000000000000000000000000000000000000000000000000000000000000000000000000000000000000000000000000000000000000000000000000000000000000000000000000000000000000000000000000000000000000000000000000000000000000000,0.375,1001101010100000,0.8,11110,0.6,11100,0.25833333333333336,011111000000110000000011111110111001000001011001010110010101000000000000001110000000000000000000000000000000000000000000
